Number of particles,1.0,2.0,3.0,4.0,5.0,6.0,7.0,8.0
0,0.9993865260502678,0.8688280786329566,0.13431365298230225,0.09101725162001784,1.058149910965348,0.2348118681017251,1.2780153183024985,0.08698319485574063
